--  todo надо разбить на несколько отдельных sql-файлов

insert into security_users (login, password, active)
VALUES ('commander1', '$2a$10$s7ECzeXM9/ztbWtY2wQxzeGTBKqe4z3GcQCzb3Q5k8wi.qUe9PTBi', true),
       ('commander2', '$2a$10$5WtlEFrB3IeMSiGXynMlLuKwaPOHydAWYCv2myPz2RjDkriVfayHS', true),
       ('commander3', '$2a$10$8Ptjbpe0.6BLsOk9dqgQA.Ye.SQpGD5xD.xi0t3bk9wggnChHTcTe', true),
       ('fighter1', '$2a$10$muWfb/PtVF3E8j.kJXDZRufATwed6JE2HNXP8c6d1uiVCOKgwrPZG', true),
       ('fighter2', '$2a$10$8hynLBRgAOU9OAnLFK6Q9OfH4zjztiSD6bsFK7i85LSKb1PKhF8Ru', true),
       ('fighter3', '$2a$10$R/iW/MViuD5.vEN88xLpL.kQ8cWw.eBMSO0e89cVDkIn4VqIiiHiu', true),
       ('fighter4', '$2a$10$GUBsdxiTVDRD/v0tzaOkFuHdupscULGejCqLbgJKGJMGMAzGTtIYi', true),
       ('fighter5', '$2a$10$ZibNoERw5HksGwiu1zxHMOndH2EzY0SRg7TJ4BUfVkLCJPGc2NU1S', true),
       ('fighter6', '$2a$10$JoMEgNH1Hka2sZthwhkRu.QtbwBbeFRP56E5DUTiM7/K0190y9UNm', true),
       ('fighter7', '$2a$10$tIsfeLi7iPDUxP2C9n3CfebA3diJ1R42vRvs5NSgVv7Ky9KTm.l7i', true),
       ('fighter8', '$2a$10$VW56a6ey.ilowYi3w3SfxuePGgKXUwFu8sz848Bkz2kciIY6qH8J6', true),
       ('fighter9', '$2a$10$OkEzgXG7dG0AbKCWtEnpsunDisF9HAKJ3fcXE23CONI6ulE80BE8i', true),
       ('fighter10', '$2a$10$gHiN4BEi8v8EW/42H7w3w.qiLKQ9WKhrp/0RScSbESSvXiYf7HAAm', true),
       ('fighter11', '$2a$10$eu2mo7AHG7U.Ey53XevYhuZNuY9kOsFnf/ZtoGC3UM.MWZweMXzw.', true),
       ('fighter12', '$2a$10$eu2mo7AHG7U.Ey53XevYhuZNuY9kOsFnf/ZtoGC3UM.MWZweMXzw.', true),
       ('fighter13', '$2a$10$eu2mo7AHG7U.Ey53XevYhuZNuY9kOsFnf/ZtoGC3UM.MWZweMXzw.', true);

insert into user_role (user_id, roles)
VALUES (1, 'COMMANDER'),
       (2, 'COMMANDER'),
       (3, 'COMMANDER'),
       (4, 'FIGHTER'),
       (5, 'FIGHTER'),
       (6, 'FIGHTER'),
       (7, 'FIGHTER'),
       (8, 'FIGHTER'),
       (9, 'FIGHTER'),
       (10, 'FIGHTER'),
       (11, 'FIGHTER'),
       (12, 'FIGHTER'),
       (13, 'FIGHTER'),
       (14, 'FIGHTER'),
       (15, 'FIGHTER'),
       (16, 'FIGHTER');

insert into squad_users (security_id, squad_id, email, firstname, lastname, patronymic)
VALUES (1, null, 'commander1@ru', 'Олег', 'Ромин', 'Петрович'),
       (2, null, 'commander2@com', 'Юлия', 'Чулкова', 'Тамерлановна');

insert into squads (commander_id, description, name)
VALUES (1, 'Отряд, любящий рыбалку', 'Рыбаки'),
       (2, 'Самураи Сибири', 'Самураи'),
       (null, 'Тестовый отряд', 'Тестовый отряд');

insert into squad_users (security_id, squad_id, email, firstname, lastname, patronymic)
VALUES (3, null, 'commander3@ru', 'Александра', 'Печеркина', 'Евгениевна'),
       (4, 1, 'fighter1@ru', 'Константин', 'Чувалов', 'Александрович'),
       (5, 1, 'fighter2@ru', 'Александр', 'Кузнецов', 'Николаевич'),
       (6, 1, 'fighter3@ru', 'Алексей', 'Карелин', 'Генадьевич'),
       (7, 1, 'fighter4@ru', 'Анна', 'Тортолюбова', 'Артемовна'),
       (8, 2, 'fighter5@ru', 'Матвей', 'Куликов', 'Григорьевич'),
       (9, 2, 'fighter6@ru', 'Алла', 'Милославская', 'Петровна'),
       (10, 2, 'fighter7@ru', 'Юрий', 'Громов', 'Леонидович'),
       (11, 2, 'fighter8@ru', 'Алексей', 'Петров', 'Александрович'),
       (12, 2, 'fighter9@ru', 'Игнат', 'Смирнов', 'Вадимович'),
       (13, 2, 'fighter10@ru', 'Людмила', 'Морозова', 'Михайловна'),
       (14, null, 'fighter11@ru', 'Михаил', 'Васильев', 'Александрович'),
       (15, null, 'fighter12@ru', 'Анна', 'Аистова', 'Григорьевна'),
       (16, null, 'fighter13@ru', 'Надежда', 'Сергеева', 'Вадимовна');

insert into membership_applications (squad_id, squad_user_id)
VALUES (1, 7),
       (1, 14),
       (2, 15),
       (2, 16);

insert into event_type (event_type_value)
values ('SPORT'),
       ('CREATIVE_WORK'),
       ('SOCIAL_WORK'),
       ('PRODUCTION_WORK'),
       ('PARTICIPATION_IN_EVENTS'),
       ('PARTICIPATION_IN_EVENTS_URFU'),
       ('AGITSEKTOR'),
       ('DISCIPLINE');

insert into events (name, description, location, date, duration, type_id, is_it_only_participation)
values ('Универсиада1', 'Спортивное событие', 'Екатеринбург', '2021-04-23 09:50:00', '01:30', 1, false), -- 1
       ('Универсиада2', 'Спортивное событие', 'Екатеринбург', '2022-04-23 09:50:00', '01:30', 1, false),
       ('Универсиада3', 'Спортивное событие', 'Екатеринбург', '2023-04-23 09:50:00', '01:30', 1, false),
       ('Универсиада4', 'Спортивное событие', 'Екатеринбург', '2024-04-23 09:50:00', '01:30', 1, false),
       ('Универсиада5', 'Спортивное событие', 'Екатеринбург', '2025-04-23 09:50:00', '01:30', 1, false),
       ('Художественный вечер', 'Рисование', 'Екатеринбург', '2024-10-15 15:20:00', '9:30', 2, false), -- 6
       ('Художественный вечер', 'Рисование', 'Екатеринбург', '2024-10-15 15:20:00', '9:30', 2, false),
       ('Художественный вечер', 'Рисование', 'Екатеринбург', '2024-10-15 15:20:00', '9:30', 2, false),
       ('Художественный вечер', 'Рисование', 'Екатеринбург', '2024-10-15 15:20:00', '9:30', 2, false),
       ('Детский дом1', 'Помощь в детском доме', 'Екатеринбург', '2024-10-15 23:20:00', '4:00', 3, false), -- 10
       ('Детский дом2', 'Помощь в детском доме', 'Екатеринбург', '2024-10-15 23:20:00', '4:00', 3, false),
       ('Детский дом3', 'Помощь в детском доме', 'Екатеринбург', '2024-10-15 23:20:00', '4:00', 3, false),
       ('Хакатон', 'Хакатон для рыбаков', 'Екатеринбург', '2022-06-01 12:30:00', '7:00', 4, false), --13
       ('Хакатон', 'Хакатон для рыбаков', 'Екатеринбург', '2022-06-01 12:30:00', '7:00', 4, false),
       ('Хакатон', 'Хакатон для рыбаков', 'Екатеринбург', '2022-06-01 12:30:00', '7:00', 4, false),
       ('Хакатон', 'Хакатон для рыбаков', 'Екатеринбург', '2022-06-01 12:30:00', '7:00', 4, false),
       ('Хакатон', 'Хакатон для рыбаков', 'Екатеринбург', '2022-06-01 12:30:00', '7:00', 4, false),
       ('Хакатон', 'Хакатон для рыбаков', 'Екатеринбург', '2022-06-01 12:30:00', '7:00', 4, false),
       ('Поход', 'Поход в горы', 'Алтай', '2022-06-03 10:00:00', '30:00', 5, false), -- 19
       ('Поход', 'Поход в горы', 'Алтай', '2022-06-03 10:00:00', '30:00', 5, false),
       ('Поход', 'Поход в горы', 'Алтай', '2022-06-03 10:00:00', '30:00', 5, false),
       ('Поход', 'Поход в горы', 'Алтай', '2022-06-03 10:00:00', '30:00', 5, false),
       ('Поход', 'Поход в горы', 'Алтай', '2022-06-03 10:00:00', '30:00', 5, false),
       ('Поход', 'Поход в горы', 'Алтай', '2022-06-03 10:00:00', '30:00', 5, false),
       ('Поход', 'Поход в горы', 'Алтай', '2022-06-03 10:00:00', '30:00', 5, false),
       ('Поход', 'Поход в горы', 'Алтай', '2022-06-03 10:00:00', '30:00', 5, false),
       ('Поход', 'Поход в горы', 'Алтай', '2022-06-03 10:00:00', '30:00', 5, false),
       ('Поход', 'Поход в горы', 'Алтай', '2022-06-03 10:00:00', '30:00', 5, false),
       ('Киновечер', 'Совместный просмотр фильмов', 'Екатеринбург', '2022-06-03 10:00:00', '30:00', 5, true),
       ('Субботник', 'Уборка территории вуза', 'Екатеринбург', '2024-06-02 10:00:00', '02:00', 6, false), -- 30
       ('Субботник', 'Уборка территории вуза', 'Екатеринбург', '2024-06-02 10:00:00', '02:00', 6, false),
       ('Бал', 'Танцы', 'Екатеринбург', '2024-06-02 10:00:00', '02:00', 6, true),
       ('Агитсектор', 'Агитсектор', 'Екатеринбург', '2025-06-02 10:00:00', '01:00', 7, false), -- 33
       ('Агитсектор', 'Агитсектор', 'Екатеринбург', '2025-06-02 10:00:00', '01:00', 7, false),
       ('Агитсектор', 'Агитсектор', 'Екатеринбург', '2025-06-02 10:00:00', '01:00', 7, false),
       ('Пропуск мероприятия', 'Не пришел на мероприятие А', 'Екатеринбург', '2025-07-02 10:00:00', '01:00', 8, false), -- 36
       ('Пропуск мероприятия', 'Не пришел на мероприятие А', 'Екатеринбург', '2025-07-02 10:00:00', '01:00', 8, false),
       ('Пропуск мероприятия', 'Не пришел на мероприятие А', 'Екатеринбург', '2025-07-02 10:00:00', '01:00', 8, false),
       ('Пропуск мероприятия', 'Не пришел на мероприятие А', 'Екатеринбург', '2025-07-02 10:00:00', '01:00', 8, false);

insert into visiting_results (visiting_result, weight_in_section1, weight_in_section2, weight_in_section5, weight_in_section6)
values ('PLACE1', 3, 3, 3, 3),
       ('PLACE2', 2, 2, 2, 2),
       ('PLACE3', 1, 1, 1, 1),
       ('PARTICIPATION', 0.2, 0.2, 0.2, 0.2),
       ('PRESENCE', 0.0, 0.0, 0.1, 0.1);
-- todo внести другие тестовые данные для 3, 4, 7 и 8 типов мероприятий
insert into event_to_squad_user (event_id, squad_user_id, visiting_result_id)
values (1, 4, 1), (1, 5, 4), (1, 6, 4), (1, 8, 2), (1, 13, 3), -- 5
       (3, 5, 1), (3, 10, 2), (3, 11, 3), -- 8
       (6, 4, 4), (6, 5, 4), (6, 7, 2), (6, 11, 3), (6, 12, 1); -- 13
insert into event_to_squad_user (event_id, squad_user_id)
VALUES (10, 5), (10, 7), (10, 8), (10, 9), (10, 10), (10, 11), -- 19
       (11, 5), (11, 6), (11, 7), (11, 9), (11, 10), (11, 13), -- 25
       (13, 4), (13, 6), (13, 10), (13, 12); -- 29
insert into event_to_squad_user (event_id, squad_user_id, visiting_result_id)
values (19, 6, 1), (19, 8, 2), (19, 10, 3), -- 32
       (29, 5, 5), (29, 6, 5), (29, 7, 5), (29, 8, 5), (29, 9, 5), (29, 10, 5), -- 38
       (30, 5, 1), (30, 9, 2), (30, 13, 3), -- 41
       (32, 4, 5),  (32, 6, 5), (32, 8, 5), (32, 12, 5), (32, 13, 5), -- 46
       (33, 9, 1), (33, 13, 2); -- 48

insert into visiting_hours (event_to_squad_user_id, start_time, end_time)
values (14, '2024-10-15 23:20:00', '2024-10-16 02:20:00'), (15, '2024-10-15 23:20:00', '2024-10-16 01:10:00'), (16, '2024-10-15 23:20:00', '2024-10-16 03:20:00'),
       (17, '2024-10-15 23:20:00', '2024-10-16 04:30:00'), (18, '2024-10-15 23:20:00', '2024-10-16 00:56:00'), (19, '2024-10-15 23:20:00', '2024-10-16 3:20:00'),
       (20, '2022-06-01 12:30:00', '2022-06-01 13:30:00'), (21, '2022-06-01 12:30:00', '2022-06-01 19:30:00'), (22, '2022-06-01 12:30:00', '2022-06-01 15:45:00'),
       (23, '2022-06-01 12:30:00', '2022-06-01 17:15:00'), (24, '2022-06-01 12:30:00', '2022-06-01 18:30:00'), (25, '2022-06-01 12:30:00', '2022-06-01 19:30:00'),
       (26, '2022-06-01 12:30:00', '2022-06-01 15:45:00'), (27, '2022-06-01 12:30:00', '2022-06-01 17:15:00'),
       (28, '2022-06-01 12:30:00', '2022-06-01 18:30:00'), (29, '2022-06-01 12:30:00', '2022-06-02 19:30:00');

/*
todo внести данные в соответствии с датой проведения мероприятий
    добавить отзывов
*/
insert into feedbacks (event_to_squad_user_id, rating, comment)
values (1, 10, 'Отличное мероприятие!'), (2, 8, 'Хорошее мероприятие!'), (5, 3, 'Мне почему-то не понравилось :('),
       (6, 9, 'Отличное мероприятие!'), (7, 9, 'Отличное мероприятие!'), (9, 10, 'Отличное мероприятие!'), (10, 7, 'Хорошее мероприятие!'),
       (13, 9, 'Отличное мероприятие!'), (15, 7, 'Хорошее мероприятие!'), (17, 7, 'Хорошее мероприятие!'), (18, 8, 'Хорошее мероприятие!'),
       (19, 8, 'Хорошее мероприятие!'), (20, 9, 'Отличное мероприятие!'),
       (21, 6, 'Не очень понравилось'), (22, 5, 'Не очень понравилось'), (23, 8, 'Хорошее мероприятие!'),
       (24, 3, 'Мне почему-то не понравилось :(');

insert into personal_rating_coefficients (event_types, personal_rating_coefficient)
values ('SPORT', 3.0), ('CREATIVE_WORK', 2.0), ('SOCIAL_WORK', 0.2), ('PRODUCTION_WORK', 0.3),
       ('PARTICIPATION_IN_EVENTS', 3.0), ('PARTICIPATION_IN_EVENTS_URFU', 1.0), ('DISCIPLINE', 1.0);

insert into weight_rating_sections (event_types, weight_rating_section)
values ('SPORT', 20), ('CREATIVE_WORK', 20), ('SOCIAL_WORK', 11), ('PRODUCTION_WORK', 20),
       ('PARTICIPATION_IN_EVENTS', 5), ('PARTICIPATION_IN_EVENTS_URFU', 13), ('AGITSEKTOR', 11);


insert into violation_type (violation, weight)
values ('VERBAL_WARNING', 1.0), ('REPRIMAND', 5.0), ('SEVERE_REPRIMAND', 10.0);

insert into violations (name, description, type_id)
values ('Опоздание на встречу', 'Не пришли вовремя', 1),
       ('Потеря имущества', 'Потеря доверенного имущества', 2),
       ('Поломка оборудования', 'Сломали дорогостоящее оборудование на сцене', 3);

insert into violation_to_squad_user (violation_id, violator_id, date, comment, is_solved)
values (1, 4, '2022-06-01 12:30:00', 'Боец опоздал на 10 минут', false),
       (1, 6, '2023-06-02 12:30:00', 'Боец опоздал на 11 минут', true),
       (2, 7, '2024-06-03 12:30:00', 'Боец потерял ключи от склада №10', true),
       (3, 8, '2021-06-04 12:30:00', 'Боец сломал барабаны', true),
       (3, 9, '2022-06-04 12:30:00', 'Боец опоздал на 5 минут', false),
       (2, 13, '2020-06-05 12:30:00', 'Боец потерял пропуск', false),
       (1, 15, '2022-07-06 12:30:00', 'Боец опоздал на встречу', true);