insert into security_users (login, password, active)
VALUES ('commander1', '$2a$10$s7ECzeXM9/ztbWtY2wQxzeGTBKqe4z3GcQCzb3Q5k8wi.qUe9PTBi', true),
       ('commander2', '$2a$10$5WtlEFrB3IeMSiGXynMlLuKwaPOHydAWYCv2myPz2RjDkriVfayHS', true),
       ('commander3', '$2a$10$8Ptjbpe0.6BLsOk9dqgQA.Ye.SQpGD5xD.xi0t3bk9wggnChHTcTe', true),
       ('fighter1', '$2a$10$muWfb/PtVF3E8j.kJXDZRufATwed6JE2HNXP8c6d1uiVCOKgwrPZG', true),
       ('fighter2', '$2a$10$8hynLBRgAOU9OAnLFK6Q9OfH4zjztiSD6bsFK7i85LSKb1PKhF8Ru', true),
       ('fighter3', '$2a$10$R/iW/MViuD5.vEN88xLpL.kQ8cWw.eBMSO0e89cVDkIn4VqIiiHiu', true),
       ('fighter4', '$2a$10$GUBsdxiTVDRD/v0tzaOkFuHdupscULGejCqLbgJKGJMGMAzGTtIYi', true),
       ('fighter5', '$2a$10$ZibNoERw5HksGwiu1zxHMOndH2EzY0SRg7TJ4BUfVkLCJPGc2NU1S', true),
       ('fighter6', '$2a$10$JoMEgNH1Hka2sZthwhkRu.QtbwBbeFRP56E5DUTiM7/K0190y9UNm', true),
       ('fighter7', '$2a$10$tIsfeLi7iPDUxP2C9n3CfebA3diJ1R42vRvs5NSgVv7Ky9KTm.l7i', true),
       ('fighter8', '$2a$10$VW56a6ey.ilowYi3w3SfxuePGgKXUwFu8sz848Bkz2kciIY6qH8J6', true),
       ('fighter9', '$2a$10$OkEzgXG7dG0AbKCWtEnpsunDisF9HAKJ3fcXE23CONI6ulE80BE8i', true),
       ('fighter10', '$2a$10$gHiN4BEi8v8EW/42H7w3w.qiLKQ9WKhrp/0RScSbESSvXiYf7HAAm', true),
       ('fighter11', '$2a$10$eu2mo7AHG7U.Ey53XevYhuZNuY9kOsFnf/ZtoGC3UM.MWZweMXzw.', true),
       ('fighter12', '$2a$10$eu2mo7AHG7U.Ey53XevYhuZNuY9kOsFnf/ZtoGC3UM.MWZweMXzw.', true),
       ('fighter13', '$2a$10$eu2mo7AHG7U.Ey53XevYhuZNuY9kOsFnf/ZtoGC3UM.MWZweMXzw.', true);

insert into user_role (user_id, roles)
VALUES (1, 'COMMANDER'),
       (2, 'COMMANDER'),
       (3, 'COMMANDER'),
       (4, 'FIGHTER'),
       (5, 'FIGHTER'),
       (6, 'FIGHTER'),
       (7, 'FIGHTER'),
       (8, 'FIGHTER'),
       (9, 'FIGHTER'),
       (10, 'FIGHTER'),
       (11, 'FIGHTER'),
       (12, 'FIGHTER'),
       (13, 'FIGHTER'),
       (14, 'FIGHTER'),
       (15, 'FIGHTER'),
       (16, 'FIGHTER');

insert into squad_users (security_id, squad_id, email, firstname, lastname, patronymic)
VALUES (1, null, 'commander1@ru', 'Олег', 'Ромин', 'Петрович'),
       (2, null, 'commander2@com', 'Юлия', 'Чулкова', 'Тамерлановна');

insert into squads (commander_id, description, name)
VALUES (1, 'Отряд, любящий рыбалку', 'Рыбаки'),
       (2, 'Самураи Сибири', 'Самураи'),
       (null, 'Тестовый отряд', 'Тестовый отряд');

insert into squad_users (security_id, squad_id, email, firstname, lastname, patronymic)
VALUES (3, null, 'commander3@ru', 'Александра', 'Печеркина', 'Евгениевна'),
       (4, 1, 'fighter1@ru', 'Константин', 'Чувалов', 'Александрович'),
       (5, 1, 'fighter2@ru', 'Александр', 'Кузнецов', 'Николаевич'),
       (6, 1, 'fighter3@ru', 'Алексей', 'Карелин', 'Генадьевич'),
       (7, 1, 'fighter4@ru', 'Анна', 'Тортолюбова', 'Артемовна'),
       (8, 2, 'fighter5@ru', 'Матвей', 'Куликов', 'Григорьевич'),
       (9, 2, 'fighter6@ru', 'Алла', 'Милославская', 'Петровна'),
       (10, 2, 'fighter7@ru', 'Юрий', 'Громов', 'Леонидович'),
       (11, 2, 'fighter8@ru', 'Алексей', 'Петров', 'Александрович'),
       (12, 2, 'fighter9@ru', 'Игнат', 'Смирнов', 'Вадимович'),
       (13, 2, 'fighter10@ru', 'Людмила', 'Морозова', 'Михайловна'),
       (14, null, 'fighter11@ru', 'Михаил', 'Васильев', 'Александрович'),
       (15, null, 'fighter12@ru', 'Анна', 'Аистова', 'Григорьевна'),
       (16, null, 'fighter13@ru', 'Надежда', 'Сергеева', 'Вадимовна');

insert into membership_applications (squad_id, squad_user_id)
VALUES (1, 7),
       (1, 14),
       (2, 15),
       (2, 16);

insert into event_type (event_type_value)
values ('SPORT'),
       ('CREATIVE_WORK'),
       ('SOCIAL_WORK'),
       ('PRODUCTION_WORK'),
       ('PARTICIPATION_IN_EVENTS'),
       ('PARTICIPATION_IN_EVENTS_URFU'),
       ('AGITSEKTOR'),
       ('DISCIPLINE');

insert into events (name, description, location, date, duration, type_id)
values ('Универсиада1', 'Спортивное событие', 'Екатеринбург', '2021-04-23 09:50:00', '01:30', 1), -- 1
       ('Универсиада2', 'Спортивное событие', 'Екатеринбург', '2022-04-23 09:50:00', '01:30', 1),
       ('Универсиада3', 'Спортивное событие', 'Екатеринбург', '2023-04-23 09:50:00', '01:30', 1),
       ('Универсиада4', 'Спортивное событие', 'Екатеринбург', '2024-04-23 09:50:00', '01:30', 1),
       ('Универсиада5', 'Спортивное событие', 'Екатеринбург', '2025-04-23 09:50:00', '01:30', 1),
       ('Художественный вечер', 'Рисование', 'Екатеринбург', '2024-10-15 23:20:00', '9:30', 2), -- 6
       ('Художественный вечер', 'Рисование', 'Екатеринбург', '2024-10-15 23:20:00', '9:30', 2),
       ('Художественный вечер', 'Рисование', 'Екатеринбург', '2024-10-15 23:20:00', '9:30', 2),
       ('Художественный вечер', 'Рисование', 'Екатеринбург', '2024-10-15 23:20:00', '9:30', 2),
       ('Детский дом', 'Помощь в детском доме', 'Екатеринбург', '2024-10-15 15:20:00', '4:00', 3), -- 10
       ('Детский дом', 'Помощь в детском доме', 'Екатеринбург', '2024-10-15 15:20:00', '4:00', 3),
       ('Детский дом', 'Помощь в детском доме', 'Екатеринбург', '2024-10-15 15:20:00', '4:00', 3),
       ('Хакатон', 'Хакатон для рыбаков', 'Екатеринбург', '2022-06-01 12:30:00', '7:00', 4), --13
       ('Хакатон', 'Хакатон для рыбаков', 'Екатеринбург', '2022-06-01 12:30:00', '7:00', 4),
       ('Хакатон', 'Хакатон для рыбаков', 'Екатеринбург', '2022-06-01 12:30:00', '7:00', 4),
       ('Хакатон', 'Хакатон для рыбаков', 'Екатеринбург', '2022-06-01 12:30:00', '7:00', 4),
       ('Хакатон', 'Хакатон для рыбаков', 'Екатеринбург', '2022-06-01 12:30:00', '7:00', 4),
       ('Хакатон', 'Хакатон для рыбаков', 'Екатеринбург', '2022-06-01 12:30:00', '7:00', 4),
       ('Поход', 'Поход в горы', 'Алтай', '2022-06-03 10:00:00', '30:00', 5), -- 19
       ('Поход', 'Поход в горы', 'Алтай', '2022-06-03 10:00:00', '30:00', 5),
       ('Поход', 'Поход в горы', 'Алтай', '2022-06-03 10:00:00', '30:00', 5),
       ('Поход', 'Поход в горы', 'Алтай', '2022-06-03 10:00:00', '30:00', 5),
       ('Поход', 'Поход в горы', 'Алтай', '2022-06-03 10:00:00', '30:00', 5),
       ('Поход', 'Поход в горы', 'Алтай', '2022-06-03 10:00:00', '30:00', 5),
       ('Поход', 'Поход в горы', 'Алтай', '2022-06-03 10:00:00', '30:00', 5),
       ('Поход', 'Поход в горы', 'Алтай', '2022-06-03 10:00:00', '30:00', 5),
       ('Поход', 'Поход в горы', 'Алтай', '2022-06-03 10:00:00', '30:00', 5),
       ('Поход', 'Поход в горы', 'Алтай', '2022-06-03 10:00:00', '30:00', 5),
       ('Поход', 'Поход в горы', 'Алтай', '2022-06-03 10:00:00', '30:00', 5),
       ('Субботник', 'Уборка территории вуза', 'Екатеринбург', '2024-06-02 10:00:00', '02:00', 6), -- 30
       ('Субботник', 'Уборка территории вуза', 'Екатеринбург', '2024-06-02 10:00:00', '02:00', 6),
       ('Субботник', 'Уборка территории вуза', 'Екатеринбург', '2024-06-02 10:00:00', '02:00', 6),
       ('Агитсектор', 'Агитсектор', 'Екатеринбург', '2025-06-02 10:00:00', '01:00', 7), -- 33
       ('Агитсектор', 'Агитсектор', 'Екатеринбург', '2025-06-02 10:00:00', '01:00', 7),
       ('Агитсектор', 'Агитсектор', 'Екатеринбург', '2025-06-02 10:00:00', '01:00', 7),
       ('Пропуск мероприятия', 'Не пришел на мероприятие А', 'Екатеринбург', '2025-07-02 10:00:00', '01:00', 8), -- 36
       ('Пропуск мероприятия', 'Не пришел на мероприятие А', 'Екатеринбург', '2025-07-02 10:00:00', '01:00', 8),
       ('Пропуск мероприятия', 'Не пришел на мероприятие А', 'Екатеринбург', '2025-07-02 10:00:00', '01:00', 8),
       ('Пропуск мероприятия', 'Не пришел на мероприятие А', 'Екатеринбург', '2025-07-02 10:00:00', '01:00', 8);

insert into visiting_results (visiting_result, weight_in_section1, weight_in_section2, weight_in_section5, weight_in_section6)
values ('PLACE1', 3, 3, 3, 3),
       ('PLACE2', 2, 2, 2, 2),
       ('PLACE3', 1, 1, 1, 1),
       ('PARTICIPATION', 0.2, 0.2, 0.2, 0.2);
-- todo внести другие тестовые данные для 3, 4, 7 и 8 типов мероприятий
insert into event_to_squad_user (event_id, squad_user_id, visiting_result_id)
values (1, 4, 1), (1, 5, 4), (1, 6, 4), (1, 8, 2), (1, 13, 3), -- 5
       (3, 5, 1), (3, 10, 2), (3, 11, 3), -- 8
       (6, 4, 4), (6, 5, 4), (6, 7, 2), (6, 11, 3), (6, 12, 1), -- 13
       (10, 5, 1), (10, 7, 4), (10, 8, 2), (10, 9, 3), (10, 10, 4), (10, 11, 4), (10, 12, 4), (10, 13, 4), -- 21
       (13, 10, 1), (13, 12, 2), -- 23
       (19, 6, 1), (19, 8, 2), (19, 10, 3), -- 26
       (30, 5, 1), -- 27
       (33, 9, 1), (33, 13, 2), -- 29
       (36, 7, 1); -- 30
-- todo внести данные в соответствии с датой проведения мероприятий
insert into feedbacks (event_to_squad_user_id, rating, comment)
values (1, 10, 'Отличное мероприятие!'), (2, 8, 'Хорошее мероприятие!'), (5, 3, 'Мне почему-то не понравилось :('),
       (6, 9, 'Отличное мероприятие!'), (7, 9, 'Отличное мероприятие!'), (9, 10, 'Отличное мероприятие!'), (10, 7, 'Хорошее мероприятие!'),
       (13, 9, 'Отличное мероприятие!'), (15, 7, 'Хорошее мероприятие!'), (17, 7, 'Хорошее мероприятие!'), (18, 8, 'Хорошее мероприятие!'),
       (19, 8, 'Хорошее мероприятие!'), (20, 9, 'Отличное мероприятие!'),
       (21, 6, 'Не очень понравилось'), (22, 5, 'Не очень понравилось'), (23, 8, 'Хорошее мероприятие!'),
       (24, 3, 'Мне почему-то не понравилось :(');